x,y
-1.1480632,25.437527
-38.766644,18.793783
-4.4107327,10.766071
66.869415,6.6626024
-33.246292,-18.379566
-14.223448,12.334291
-5.456665,23.514912
-42.60232,8.398606
-18.289562,-29.647303
62.990307,5.403802
-38.05641,6.0161734
-22.354084,-17.514091
-32.96275,18.308073
-11.407556,17.299862
-27.60337,12.61129
-32.905766,-4.008111
-20.752567,-9.576378
8.343922,12.525762
67.486626,-12.231475
-23.481295,-16.03977
-5.251315,20.60562
17.561836,15.178271
4.347339,10.737086
-38.359905,-2.6859188
51.55208,-15.716922
17.098537,-14.654633
-18.365374,-28.177292
-0.58244705,-0.14422952
-9.220379,-1.023594
-33.104374,6.535155
0.5568995,-22.921051
-32.928085,18.318893
4.9412417,-20.13343
48.29646,-15.279006
-12.875377,12.683472
3.355019,0.97634804
-43.998325,11.220899
-1.1018292,27.036558
-23.684645,10.364501
20.75171,19.115717
65.622696,2.444988
-38.84652,20.525074
-43.269897,-4.620244
71.38079,2.6336563
4.464582,1.5503443
-21.989723,-21.23908
67.78072,7.6877017
-7.6180882,8.399824
60.81694,-3.8244636
-41.07129,8.589725
-15.220521,-8.909866
2.2020295,31.328064
52.373596,-15.660284
-44.28077,3.1116838
-12.721689,-1.4714088
19.253378,14.144136
0.29726237,-18.436342
-4.678104,0.6202466
-1.0067422,6.736071
9.428266,5.1293535
-12.443429,10.422966
-35.54345,-15.258445
-3.0852616,20.683754
56.40803,-9.260046
53.934563,-16.067259
53.170307,-16.037514
-35.711086,-13.40046
-27.599478,-28.839401
0.45599663,8.007771
-30.464085,17.225536
49.13519,-17.235628
12.439507,-13.71047
7.973901,-0.40214464
-22.452446,16.855167
-9.567222,15.868059
-4.8776298,21.346498
64.80466,-15.847895
2.2164516,22.986021
13.811809,21.637867
-38.39029,17.48257
3.343497,12.772524
-15.377024,-24.308977
63.122524,0.7836638
11.739727,-13.822101
60.78857,3.3774543
-0.9304394,5.248323
-1.646127,11.221682
-25.894249,-1.562836
62.76854,7.289358
-2.6180885,-20.45148
-15.94435,-6.1143446
-46.157528,-6.2228403
-12.669667,12.168837
7.2326827,1.4269761
-22.17117,3.3051605
-27.965841,4.9395523
11.139993,17.380772
1.8941784,24.74835
67.827576,5.8029118
-23.323376,-4.6385465
9.537584,-2.3199472
1.9839094,-23.8631
-7.5057793,22.1776
11.702667,-5.118902
5.8668823,-19.76514
62.92051,-3.4737391
-26.37706,-5.6129026
-47.982727,-2.6625893
-2.045912,-21.187056
62.586716,6.740261
-2.263333,18.561098
-36.016346,13.787348
12.245002,-19.206018
66.77296,-17.39154
71.66854,-0.14577812
4.8566575,11.172111
-21.99979,4.864092
-39.71282,12.657354
-24.521452,1.6850129
-15.897848,-12.4303875
-25.621529,23.881714
5.0429974,29.023737
66.075165,-5.1394477
-25.664618,-15.765995
64.59267,-4.7385993
54.43799,-2.4812803
1.1726484,-11.712152
49.98225,-15.313154
4.9569426,24.865631
13.648352,5.5264673
-24.549604,-9.625334
-24.1967,-24.362062
-22.179247,-5.8967547
-45.865826,-12.422733
-0.2768419,22.119482
9.661337,8.780507
-15.595986,7.901606
-8.995342,24.387827
-27.88068,-17.968496
-40.670147,11.408966
-24.1706,-20.338953
0.80144686,11.85148
-16.272562,1.3111283
-1.1487492,-23.775751
-28.347307,-2.2437239
56.061623,-9.820028
-39.545338,-16.507248
-15.604502,13.65812
-21.442083,14.422563
4.5126643,-2.7702782
-36.84957,18.3349
68.986465,9.075663
65.03457,-13.113436
-14.474423,17.853321
65.84037,5.3867135
-7.484188,24.702236
11.959776,-15.446584
-40.483414,-15.085224
8.48663,0.35520014
11.781518,0.1154061
-27.019249,10.952009
-33.355568,-9.536714
2.2263029,-21.733543
16.265783,-19.598776
7.107543,32.696312
11.577147,6.1973524
6.9269104,25.494612
8.031697,9.375869
62.571804,-16.853561
15.50004,8.492746
-2.9178877,-6.1707506
3.313015,19.497105
-4.475707,10.728509
-5.606523,-2.7930083
-14.967322,-9.991951
13.456618,-18.029472
-27.221853,-7.098724
-21.99466,-2.209054
-5.2389345,28.203531
-28.310766,13.167695
-3.57113,23.967224
11.7738695,-16.890484
-17.892437,20.903387
-5.695407,19.244326
-20.509354,-5.336182
-1.0384185,23.930542
-35.425407,14.56275
-17.281849,30.187725
-29.718958,11.453841
-15.990768,1.5680677
-28.001833,1.9207724
53.801613,-9.171567
5.1792774,7.3480744
51.285885,-9.6342535
-43.099724,2.160819
-24.10835,-3.8192255
-22.103405,-1.3808565
64.6462,5.1051793
-39.572975,13.27774
-21.745695,-20.99644
-44.942238,8.534948
-9.413491,25.20456
-6.7668896,17.230326
-38.74339,10.583714
-18.14417,0.44240275
11.187263,-13.122053
-11.293285,5.4504056
-27.47548,-3.5504978
-30.127687,-12.776642
3.7776008,16.452692
11.470983,13.932453
-38.24566,19.507559
-37.076847,-4.7820206
-8.923937,4.9927716
10.253428,6.4311357
10.212194,6.483249
13.231645,-16.969118
10.5127125,-13.790023
12.332062,-14.158511
4.4702234,-24.019434
-31.594963,18.958263
9.389736,26.975658
3.739224,20.467464
-33.34166,5.778164
2.2892656,30.164852
-29.143837,23.398
-6.315212,-6.1141233
1.3225386,23.460424
-12.454915,10.3001795
-2.3149683,-26.40855
-1.5352589,-27.668282
-1.6384405,32.664566
-5.971958,29.860512
-9.794589,29.63393
-25.314144,-20.579802
-10.264436,28.95462
51.09557,-16.499704
3.092006,0.33042884
62.901005,-0.03957905
9.726047,-15.284351
-11.75015,-11.087662
-12.802353,7.4010606
66.15109,-2.9434547
-3.0754778,14.110467
51.144585,-12.381865
-33.034264,-4.3037744
-27.777224,9.650227
-33.84696,7.8769236
10.03006,-0.1396518
-36.560463,-1.7795409
-25.584215,-19.7391
-13.528205,-21.297585
-36.423496,6.714585
-34.23145,-20.410534
66.83265,3.0507483
-13.8842945,14.885767
-45.484566,10.372662
-34.94423,2.9231796
-16.237247,-0.3533543
-37.72688,15.347203
-41.610497,13.822861
7.2907805,-5.633096
20.052305,18.149927
-40.533817,2.0709138
0.33564177,-5.816834
-0.9552463,11.155794
-38.517376,-7.7838516
-41.354794,14.443037
-16.452635,-23.641077
-36.310776,-7.4763656
-43.177532,-2.0574512
-38.502644,16.552862
-41.415928,10.814046
4.3913264,15.694659
59.711597,-7.0482316
2.032219,-26.053144
19.31245,1.3192751
-30.40352,6.8458476
72.20239,3.6872609
2.320976,18.188084
-22.458755,29.125181
-14.76209,5.1417456
-27.41235,-20.965473
50.4528,-13.360192
-41.438007,-8.592345
-6.1009927,-10.657415
-35.709488,-17.907612
-8.047051,22.388702
-19.58854,-22.111197
-0.5138114,14.983994
7.219249,5.236286
-15.742813,7.795538
1.2706358,-17.883291
66.83518,-7.9831243
-24.800364,-16.999098
-20.567698,1.2008946
68.655754,-4.8233514
-44.76537,12.316528
-46.652283,16.672935
7.8389482,16.530827
-2.4333284,1.6385038
-33.26691,10.178583
-17.412249,-9.723544
3.601269,-28.914309
69.87932,-5.1298556
3.1777196,18.68664
-29.171925,-5.759112
7.715547,16.886217
73.815605,-0.42190662
70.809845,5.9586167
-28.989296,-11.410696
68.15198,4.279826
15.277088,-11.285219
-14.00073,-14.312119
0.18743138,26.575586
66.601494,-1.3291208
-5.5250864,23.715654
-29.663368,0.25630534
-2.2609613,-20.857864
-38.275925,-2.651201
10.206078,-4.302645
-26.203382,8.987093
-38.381504,0.9882384
-6.288364,21.762672
-7.3438945,12.838314
1.1072799,32.64033
-17.825207,4.2871943
2.3407562,-0.15218392
8.357163,-18.382954
1.1437668,12.164752
63.725937,8.605414
-37.696556,8.022054
4.2453914,-8.096524
-0.07118153,-17.39667
-34.494484,11.239584
-26.150406,24.076736
-1.4575536,-18.051743
51.536705,-8.288996
-37.722248,10.149239
-27.228079,15.526295
58.931137,-17.958843
-19.108875,6.147269
-2.2128947,24.336983
-0.61556786,-0.23184776
4.079321,33.50334
-18.347622,-11.552741
9.980256,-19.291977
8.267682,22.96877
-3.5851405,20.278847
-25.588066,4.638506
-7.758893,1.9934604
12.009975,-17.197182
-23.559446,21.505585
52.318134,-9.264766
63.000877,2.6303277
-31.326212,4.353419
14.567797,-0.9968666
-36.333424,13.501251
-28.189049,-18.316393
-39.76918,-20.29913
49.75523,-14.000542
-37.291805,1.0968487
14.296133,16.30027
-11.019485,12.321595
-10.114852,28.512321
4.498891,34.194138
3.4163158,8.622189
-41.015568,-11.023612
-28.359308,-0.8945017
-34.11403,8.860308
18.18292,21.600954
1.6001388,21.81534
-35.406307,9.644035
57.816166,4.592348
61.87129,1.139462
2.0409636,8.806063
12.234209,-21.906343
-34.950027,-19.99617
64.99249,6.434499
-19.689869,25.367327
-40.484306,-16.733856
-41.48626,5.670464
-42.834442,14.054937
-37.999844,5.8354216
-15.233066,-8.18233
-17.519312,-0.64990973
47.112503,-14.8168955
57.16479,-14.455894
-21.471424,-24.03781
-26.977709,5.8467464
15.886723,-3.8391998
14.768633,-18.73567
-36.789394,2.2563727
-9.041727,-0.9569627
-35.08398,16.879927
48.124012,-14.892695
-3.444721,3.0383224
14.410188,-20.427794
-28.707766,21.914219
66.84785,3.9861941
7.2103243,20.542141
-46.551243,12.758842
-33.728405,-7.186102
65.09501,-3.0604603
-20.700136,0.0163108
2.4070904,9.852039
49.55938,-6.3343215
-38.66441,-0.12570792
-33.335728,-13.728351
-0.19495209,-20.513739
-5.3810196,-9.474963
-30.617733,1.998907
-21.338236,-3.5668592
63.70451,10.379636
-34.17912,22.311163
-2.6278212,-18.977257
-46.28072,19.57506
61.65038,6.8921437
67.59024,-8.012378
-22.568121,10.443114
-37.74056,-9.641338
4.0416102,15.808909
-38.287716,16.685003
-24.542044,-12.389091
-24.71137,-25.408985
-2.1423001,20.293514
18.81729,6.623323
6.8588996,-0.48262265
64.26273,2.8393626
-32.34514,-17.32236
4.1526837,23.774973
-21.017323,-2.8756075
-1.6888957,29.61962
54.532104,-12.618068
-5.927048,6.4288836
1.2114857,26.108063
-19.965364,1.4204254
7.460788,6.1139617
-33.58689,-5.1538844
13.761236,16.041658
-24.937569,7.1000443
49.61546,-19.63923
63.342384,3.0338511
51.873554,-2.3335745
56.483944,-4.8129907
-8.160437,-3.760262
-32.662506,-9.282471
-3.767914,30.079855
12.786327,19.035982
11.096486,-18.327919
59.319942,-17.52166
-46.297703,-11.545031
-23.030827,-29.968296
-37.78564,12.922702
-1.3395066,-19.908022
-5.817189,-1.1113203
-40.646683,20.958426
0.84972614,-25.026043
-15.705535,20.819862
-16.809423,30.200739
11.789866,-5.396609
-39.188343,-20.376266
-24.452015,6.846758
52.256233,-12.669253
-16.398838,-20.452066
13.262833,13.24263
-3.5794756,1.8155959
-16.881418,-13.789749
69.03552,1.776802
-41.31881,5.974333
-0.4004729,18.390123
4.3451695,22.163012
3.3122857,21.51555
-9.721128,16.896063
-8.030594,14.843102
12.645728,1.0410166
-29.47934,-8.99141
1.9561582,4.9752083
-22.985924,3.6378772
2.8515465,1.087131
6.2181277,0.028417673
-35.908184,-4.288378
56.322807,7.1188946
-36.02662,-1.5162802
-8.239841,5.373179
68.21694,11.091663
67.96312,-15.08016
1.5259995,-28.93164
59.26744,8.442615
-29.061802,12.85607
6.3769403,-26.72503
14.717701,16.47909
-28.213615,-29.47693
-33.5199,-3.4723678
2.280173,27.916958
-39.31331,-0.46758547
-28.656965,14.471098
7.456037,26.850258
53.695595,-8.108968
68.99037,0.05718002
-31.149265,-7.2264576
71.04058,-6.0338
-22.00961,-26.637611
-34.393406,-3.3647344
15.939666,13.477609
-18.399431,-21.763489
5.7894273,-7.3355775
-36.040672,10.156841
-24.358078,3.2110374
-38.960285,-23.541958
-39.535755,7.190739
58.175594,-16.906258
-37.910255,-10.420353
-39.712852,16.20406
-23.68372,24.624727
15.528878,5.5838447
51.94343,-14.359946
15.53669,-18.094707
70.19626,6.80666
69.85925,3.4238725
-28.13981,-9.261758
-17.897556,-3.2870395
60.77717,-10.9632845
-17.778666,-17.265545
58.582146,-10.0904875
-18.439545,6.9732437
-36.132996,2.9949863
-33.50164,-1.4026096
13.229712,-19.268541
-27.749405,6.142213
60.783253,-8.004256
62.63866,8.1494875
3.2663813,-24.607378
-16.492918,-9.485681
60.707657,9.793003
-0.31125706,3.7569509
-27.680807,-9.010477
-13.691145,-4.0018225
13.747586,13.185036
57.73823,-6.6663766
-44.120327,12.061722
58.119793,-6.127604
8.387099,12.0246
-3.390471,22.393925
-30.342266,-8.885566
-1.9356841,32.10404
63.65741,-14.327429
-29.82136,-3.8589787
-35.84036,-4.1240373
5.568366,15.138044
-34.634796,-6.750162
3.7440221,26.352587
-24.741932,-10.921322
-3.8181226,14.263338
-17.595625,15.971756
-30.455723,-12.138778
-24.22261,22.788275
-2.091364,28.216288
-17.616642,-22.826319
9.903631,2.104407
-6.5484834,27.037294
-35.567566,19.322498
3.722512,22.18066
60.071354,-17.014795
7.8369308,21.528717
9.952064,-14.726941
-15.394633,-18.344046
9.019201,1.595437
-32.589855,12.626583
0.6365298,20.78041
4.083044,3.7135828
-0.79021543,-20.151964
-9.532056,26.21979
15.284513,-17.049618
-35.984875,7.201542
49.296333,-10.974015
-29.963575,-13.586138
-1.3582717,-19.19253
-8.559383,10.512567
2.827397,-8.490628
73.0795,-2.1053348
-20.394884,-17.660887
49.64745,-13.867636
-41.10799,-6.2242002
-32.86181,7.9373984
-19.064728,6.5875354
0.17423674,26.321993
-27.792925,-22.99766
-22.400213,-1.6205335
-24.02597,0.10209472
-9.654598,21.83084
-4.562684,-20.22998
0.27629846,-23.361124
-9.316126,23.438633
13.262153,18.837723
-2.1791883,-23.995434
69.031624,4.3958144
72.59593,1.4693922
-25.771095,13.5913515
7.5254693,10.213602
-5.2363467,23.430256
10.696979,-12.876399
68.47126,-14.960951
-13.95037,23.701653
3.0187953,14.0907135
-32.023808,-6.1240234
-13.784684,-15.358403
63.10552,-3.5745704
64.98597,-12.71292
-27.094406,-7.063195
-29.997194,-1.8138393
-17.362595,20.990614
-6.00138,-3.3228855
-25.997826,-3.345204
56.20373,-11.946258
-7.347706,28.415636
-41.17778,11.760698
-38.889458,-7.3278284
-46.361362,16.26295
58.145187,-12.919354
-36.387447,16.187744
11.756612,20.857378
-4.527103,-21.425236
55.26134,-7.8298025
-35.94777,-7.126885
19.527586,-1.6922061
-23.224998,0.32608348
1.6405274,14.752682
-0.65599364,9.357696
1.2560943,8.169163
-33.69017,12.09105
68.80052,-5.6997576
13.400128,8.40388
15.03806,2.0782266
1.6327857,28.12643
-28.780119,5.4964495
-10.857732,28.684963
-40.629917,-1.4952283
-8.122473,-7.215286
65.54859,-15.850291
17.823494,10.346901
-4.066011,4.6813455
-43.230988,-0.85037315
-21.49048,-9.801882
-26.920456,15.625537
-11.019037,5.203485
62.37844,-0.74159265
57.878803,-18.91421
-14.108658,-19.794844
13.689932,-4.187629
-17.187271,-24.805819
53.126472,-14.455938
-26.341234,-12.493091
-17.90249,-20.252893
-19.401253,-13.607326
12.734086,-20.042759
-30.747665,1.714678
17.010077,5.750706
5.4150085,27.007484
-35.93063,-7.2210145
-18.184788,-25.987474
-31.060318,23.463564
70.37884,-6.205449
3.4509318,7.41072
-11.043008,-8.410365
-7.4933314,13.739616
-35.64001,-23.623945
-46.216274,-11.792109
57.528534,-2.8819325
9.507582,-17.434813
-2.177487,-3.5264826
-24.705557,-10.071084
-7.5195737,18.66919
0.9714061,-28.50381
-24.01454,-17.888157
18.223612,17.239416
70.28797,-3.2320635
-3.1414826,13.119283
-2.6374228,9.692579
-33.837967,-20.990944
-42.999104,-0.40911245
-12.901381,-2.05824
56.927124,-12.835541
-2.8452735,8.558478
1.3279549,17.603224
-40.330563,2.5765216
-42.606606,5.654118
11.742093,8.890863
1.9347872,13.485102
8.841673,14.830496
-39.501842,-8.545162
4.5568533,-26.472736
-9.495487,25.934017
-33.746037,2.1545186
-22.040342,-27.097986
-19.62119,25.376947
56.66532,-19.519857
5.157305,-5.092018
70.39141,-7.294555
10.976479,3.5928688
61.470806,2.678104
-16.562214,-12.790075
9.33536,-21.429714
8.749175,14.606797
-4.174852,18.33679
-23.675001,-31.210972
6.984682,3.5222597
-31.335373,-5.0200276
69.632645,4.938077
8.7300005,8.237939
5.0159426,1.2248822
50.657692,-16.614748
68.22668,-13.363978
-43.203358,19.414034
18.58107,2.1884758
-2.7825484,-18.499842
69.94691,-1.8117237
-8.640467,-18.338066
-44.6224,7.9482546
52.44805,-10.316344
13.96799,-13.951954
-38.04124,5.0282264
-16.128572,-15.1845
56.290253,-11.8197775
4.7958283,18.262562
-24.834782,-15.046417
-13.079001,-4.67957
50.81303,-14.903905
72.09986,6.982287
-42.59729,7.9613867
10.160298,23.06291
-32.027493,-1.4070001
-1.0935336,-25.564756
-8.347968,1.9732443
71.525894,3.8352158
68.94004,-3.9031198
59.31039,4.7789693
-8.383874,19.971884
-9.2800665,19.04204
57.88615,-16.906826
3.7969067,33.65192
-32.41376,12.378445
-22.786982,7.1069846
47.564976,-11.735178
-34.57325,-12.6791
-35.445328,24.249126
70.44575,9.261131
52.656414,-6.649649
66.5869,-13.53354
57.87971,-13.417114
-16.767254,-23.289442
50.54799,-9.884477
56.059986,-4.650029
68.42394,-5.0270524
-6.09887,27.713923
-10.171503,-13.884416
-1.4791785,-16.837141
-3.6934717,24.066479
-43.86126,-13.122915
-24.29466,16.252512
-7.641881,8.315972
-38.781773,-16.136938
0.4795743,31.298714
-34.861446,1.0868304
64.061424,6.2280755
-4.522289,7.4851556
51.001312,-13.218585
7.953968,19.47913
55.69946,-15.693746
61.9634,3.719373
13.976558,21.618261
-0.79281896,-20.650578
9.397069,-18.02212
-36.664726,16.849634
54.620113,-3.1890912
58.87355,-14.313023
-22.984943,-18.004946
-41.599453,13.287181
4.4189057,-4.2691402
-45.123623,-12.962879
-28.210894,-1.0441871
14.876007,-17.411139
-48.919712,9.022312
-29.247461,-21.649633
65.45164,-14.560826
-19.475649,17.888723
51.752007,-18.126005
13.4254675,-15.181221
51.83673,-12.114315
52.10727,-4.4175663
19.391628,13.949924
-24.40093,-25.23861
-30.133299,15.00895
-1.2986746,6.6903543
0.62606406,-2.7171373
-44.29793,-8.406973
-2.412623,30.07907
63.956005,-17.460371
-34.2386,-12.541382
-46.08859,-13.423314
74.02182,-0.46626735
9.210059,-5.3700175
52.42063,-10.245383
5.0270367,-2.1398757
-45.66905,9.512494
-10.444785,6.9478345
6.071932,-22.097837
-19.340708,-26.587282
58.11346,-16.895948
-38.276573,-14.508909
-30.907698,-11.457544
63.407066,-17.575665
8.042684,-14.338901
5.2946463,13.516152
-16.345533,16.850834
10.94469,-14.578902
67.79671,0.5400479
10.891514,-17.07894
11.785647,5.6175237
-7.6619453,14.131401
67.56407,-1.3300011
9.107579,-21.495817
-5.229372,-27.433485
62.373554,-15.35486
6.101224,4.3319716
-28.211905,2.1277614
-24.991455,-20.226633
3.8470528,24.64337
50.982216,-13.821491
2.8785655,14.448859
-22.320778,-12.662152
-31.456413,-26.376215
0.009580544,34.119522
-6.1642427,25.878841
9.515053,-13.632783
-37.18082,21.873013
-15.529019,6.0318017
1.0194144,20.21681
7.0199223,-7.583629
47.543343,-11.836302
68.90649,1.3512732
-15.506486,-26.25661
16.07825,18.289938
67.26462,1.2514421
-37.669952,12.577271
14.685971,-16.194862
-36.20813,-22.109478
2.2389286,20.723993
-21.269564,-14.35265
-16.337967,13.182369
54.85857,-15.403006
17.784033,4.5235395
-27.035303,-14.435208
-17.718676,-7.7979846
-38.321053,-11.070555
-25.401787,4.2257147
68.58708,-2.5676274
-0.80299103,-29.97749
-3.9691129,30.082996
-2.3048422,22.512657
-0.86940515,11.332822
-18.735096,0.021932032
-24.502806,11.331648
7.3918076,29.28366
-19.341475,9.456845
-3.057582,26.202156
9.356604,-5.951644
64.63954,5.43144
-33.34992,14.176565
-16.445951,-20.373604
-31.070688,-25.492073
58.285664,1.4623028
70.9326,3.9567482
68.11832,5.922667
-42.912186,-18.696016
-28.544125,-29.867422
11.318873,11.314016
61.653324,-16.058533
17.614632,15.319537
65.116,-18.175499
-3.5165691,3.366502
-24.209215,-22.105982
-31.815472,-5.5963974
-11.7052355,12.666788
12.668235,22.74366
59.85275,6.632389
59.819477,10.197485
62.160004,-15.59446
64.51398,-0.4313906
-46.917492,18.744473
-5.784863,33.966015
48.72142,-5.6484346
54.405647,-14.563901
-12.429283,22.944918
63.836536,8.429395
18.526968,2.6678479
69.369,-14.182587
53.172756,-17.956285
-33.617672,-10.014718
54.656258,-19.3355
54.917877,-17.51858
69.86843,8.743236
68.34727,10.957695
3.8448362,13.712123
-0.4230211,2.8341358
-5.219571,-11.852624
10.091563,-0.3328715
50.927895,-7.40991
-34.373825,-24.479551
54.542336,-19.26358
10.845978,-19.979338
-31.36499,-25.465816
65.48199,-7.0794506
-17.545835,-7.749481
60.01234,-1.4216636
-33.27682,14.000281
0.1510126,-19.014008
7.5412974,-16.051907
68.891594,6.800699
2.5600436,15.124079
68.69972,-13.851353
53.250797,-10.982541
56.472694,-8.928012
-2.5267885,15.448859
-7.7350082,22.852392
56.360317,-14.045874
8.76857,21.694057
58.227253,-11.04298
-1.6827786,14.721009
8.863582,-12.735233
-40.507805,-2.6469865
1.3103666,32.668755
12.948928,-18.288887
6.187184,15.987963
12.348824,-16.005978
16.311724,19.197577
-2.2791443,25.90666
3.319686,25.298586
-26.33803,0.61888295
-22.446215,5.6938567
53.93903,-3.8128667
-10.290402,-13.835319
-5.554854,2.9634154
6.2897906,9.180244
-43.71187,3.8573732
-36.083652,19.220886
64.85438,-13.075015
10.435664,-16.378252
-39.28901,-17.851177
61.59146,8.330014
-24.887522,-8.33178
-1.7959651,20.081337
61.378708,-0.818662
-5.010538,-21.087654
-26.79483,11.193298
-11.797209,-17.270468
5.3903475,17.858818
64.63472,-4.796408
12.199157,-2.3825207
3.4440587,12.5791
5.8048215,13.444258
6.225688,23.51903
64.65294,2.333833
-20.773048,7.926789
8.10436,8.604133
6.1582484,-19.472956
-31.265781,-21.749245
-31.646957,16.66573
-45.588547,5.156643
-30.46997,9.727738
-11.140344,-8.416846
-34.33953,3.4879956
14.263637,-22.488342
-36.270176,6.978068
-15.632006,-22.533752
-22.79101,-7.499214
0.61447155,30.451242
-22.824707,-16.628534
-30.020784,-24.945087
17.093307,-14.772796
-18.932596,-0.6763157
15.167069,24.585205
5.208775,19.775784
61.38595,-3.5830119
-16.458252,16.808733
-36.89479,21.825583
58.487545,-7.588451
-12.28062,-22.33475
9.233527,-15.491867
70.054306,-13.522575
-21.630148,11.845898
10.762458,29.70657
6.917062,32.616776
12.231284,13.725936
-16.301323,21.17034
9.544618,21.548758
-6.6638775,-10.739168
-43.399284,18.152996
-32.777355,0.25034234
-19.29585,2.587823
60.938198,10.370798
0.1473332,15.590459
8.216227,-1.1219883
-27.0485,18.836536
-39.467373,-11.7374735
71.30485,6.0439334
-35.625557,-1.2311084
-0.347294,20.02296
-21.65471,14.6415205
2.995808,6.5021095
61.75723,4.219234
-35.43226,24.37617
-30.218834,23.38702
-47.80553,-2.644018
-1.6951747,-27.196945
4.1480293,23.647743
-46.332138,-5.802226
20.506487,18.765793
7.8835044,-1.8113866
53.469547,-1.5470281
-42.91366,-18.698452
-2.9291732,27.218513
-12.4026785,30.339378
2.9973443,28.11659
11.862672,20.772604
0.649794,-2.6674223
-42.162212,16.196798
56.37575,7.170248
58.53083,-10.585584
-20.133253,-10.707711
13.294442,4.759824
-18.186607,-6.3057218
5.8651004,11.419895
53.02692,-14.6081085
-19.07406,-24.743526
-22.466373,29.12934
-24.031076,-1.6646249
-22.085499,-24.268778
50.565727,-11.753636
4.7943544,19.04596
-17.178072,-3.427459
64.632614,1.4335533
0.29881638,-26.4618
3.6715941,-3.1621983
15.870256,-16.253826
9.160369,12.427547
-20.501503,11.477729
54.143982,-12.221249
-0.24715988,-26.47126
65.768776,-0.93690294
11.485761,3.7257237
-16.165083,-4.133041
3.8562338,17.141724
-30.903563,1.1290652
63.04938,4.3959584
-4.5833697,14.254176
-38.396896,-15.757044
-21.398132,-17.273405
67.107056,-14.179342
-4.245443,-22.192963
49.756332,-12.617127
-11.64317,1.8463198
-28.95585,-18.178358
-7.2708216,16.529196
13.987123,-21.765295
-21.069233,0.8995974
65.53675,8.442875
-38.82428,-24.154564
-28.89386,8.65294
-13.909678,0.77520233
-48.49414,5.388652
-28.05544,-11.420143
-26.478655,-22.235735
-40.261173,-20.47343
59.51301,1.3086402
-14.381265,4.3361206
60.178017,1.2146283
5.704658,21.684307
66.4078,-14.899625
-19.612902,-6.9771967
-29.430975,-15.749039
-12.947244,-29.021902
-31.500801,-19.940954
4.6811056,5.5202565
71.068634,-4.477024
6.5733347,19.09335
54.1002,-5.1179357
-29.713009,11.96232
59.722057,7.3087816
63.568638,-6.6908774
-26.677076,-22.140343
-19.404144,-26.5367
-41.852062,5.0806084
60.879982,-6.4262214
-7.5486946,-6.962744
-18.592466,-3.2071137
-10.355402,-4.533826
55.690475,-13.470977
59.561943,5.718033
-12.226973,-11.180613
-47.24865,0.74698335
5.2019258,29.113424
61.172882,4.9778852
-19.421984,-14.391045
53.226353,-12.944703
6.368822,3.1139188
-13.536927,-7.011604
68.189415,-6.169582
48.58034,-12.906684
-6.204475,26.022995
1.7862809,2.8611972
-6.1728106,6.638806
14.607415,2.635429
-2.2133968,18.911175
-22.686924,-4.466991
10.2164545,-14.210116
-16.495972,-5.6914625
15.908139,1.5055941
-31.75918,12.109757
-19.826872,-22.186308
8.082939,-18.401398
-48.04098,9.395473
-20.434988,-19.626818
7.2964406,-20.846466
61.467243,-0.49970868
-25.392422,-17.79294
13.743488,-1.0935105
-40.730145,4.688431
-32.149975,-12.170665
0.7145728,-11.353976
-28.69098,-15.122007
-9.600797,15.544731
-24.622557,2.1483607
-31.695467,-22.888803
-43.629017,4.753547
-47.46432,-4.5626717
-28.225039,-22.679947
-27.634258,-25.682537
67.18128,-6.2876496
-1.4620864,21.619223
73.74783,-5.202326
-25.68946,-5.9095106
-28.726751,14.5772295
-34.776035,2.1467059
-26.507019,-1.534095
9.825112,15.821132
-7.2331786,24.842928
9.446828,-3.5817814
9.981847,-16.819817
-11.724826,29.881638
3.383738,25.99497
9.09863,-2.6730273
-1.70016,22.54466
-28.97539,4.7584276
7.201496,3.3746493
-28.716394,23.883812
-32.75674,-14.134715
12.152086,-2.4289181
4.8831596,35.137245
-35.38518,21.66741
8.359403,0.5026853
-3.083515,16.334946
-35.344048,-9.7994995
-15.719151,-16.259111
-43.47153,11.906447
-0.28364515,-6.3829665
-41.066826,11.204333
-19.034567,-24.65822
-24.138844,-15.288335
-28.393545,-19.417076
-31.223295,-7.451718
0.26635408,25.318449
69.602715,-15.055114
58.797012,-12.885411
2.4780066,-19.580894
-23.012291,-7.8889403
-11.300382,23.974766
3.820542,-18.000324
-18.258163,-30.191692
14.442963,-13.993667
70.59147,1.9825121
-19.755543,-19.473705
1.9621371,-21.545324
-0.308313,-21.9139
4.708335,-26.442331
-30.370146,6.869827
-26.544308,-17.99844
-1.375776,-18.227345
-4.661803,25.647152
68.34939,-12.948865
6.970146,6.7967877
19.558859,-1.6234093
5.3159904,-2.073728
-36.485832,-11.556832
-39.002556,-5.1967926
67.73592,-13.562451
-17.549341,-18.098698
-21.927996,-15.242801
-0.73350406,4.8287106
7.1425085,7.697222
-1.6332527,-2.2490563
-12.293473,20.039007
-27.440722,-4.891719
1.4886323,17.684982
-37.49353,1.7006657
2.7512367,27.302807
-0.6231821,1.8948172
-31.919365,-1.3999648
-39.19019,-7.7583733
-1.3595824,-1.8177884
53.959885,-19.360624
-6.349112,2.1608367
-24.389324,-31.75875
-31.172724,-2.8051145
60.926598,-8.168437
69.272415,4.4218245
13.645408,5.0744176
50.710644,-14.327244
-37.270554,-17.1427
59.761364,-1.5547392
69.054596,-7.135485
-21.965092,7.3521466
-14.28558,0.37082872
-23.06219,16.64862
-5.5262594,-19.50073
-40.67123,18.146658
-35.54752,-9.28788
-33.681213,8.200155
-15.978837,-25.908604
65.928925,-0.48319674
-4.1940475,5.1106825
-31.45829,15.692189
4.58341,32.595516
-38.647015,-13.725244
-43.131104,9.408466
-35.473293,-18.426817
-31.736639,-16.858568
0.077408895,-23.768848
13.3206005,-16.869745
61.258614,5.1984577
-18.599081,-8.822469
-4.436747,21.712225
5.502861,4.7651596
0.7124307,-3.5518591
8.534924,16.746456
-2.1818254,16.475555
-24.213001,-5.7019176
62.66344,5.2520123
70.054016,1.2909966
-3.4080367,-0.90855557
-20.54014,7.0195045
-26.466492,2.5219138
68.50048,9.069947
-11.323296,14.486532
59.870876,-17.29224
3.2234433,-3.1511486
66.47457,0.8570693
-37.15823,-10.879119
-21.744188,2.9025192
-18.640015,-5.837879
7.796713,-25.086271
68.78001,-14.119454
56.57538,-3.0004034
-1.6636748,23.767782
15.402082,24.095554
70.51959,-1.279063
-26.675797,5.292778
3.0198317,2.338415
13.396005,-14.851198
-0.19844766,34.610737
-38.157646,14.125748
-21.456747,11.605674
52.079033,-16.834507
-35.71834,-23.786507
-31.353724,4.3742733
16.834467,5.4870543
48.422966,-9.3810005
71.000854,-3.2982645
3.6007774,8.287542
-32.81549,10.534674
-20.266531,-8.721037
53.6026,-5.499045
-24.951843,-8.335026
13.683308,-1.2172288
-31.692352,-16.520714
14.507128,10.872113
-23.157997,-21.473999
-3.2779138,26.009045
66.554276,-3.2551298
4.534094,3.8278482
-27.653103,-5.02063
-44.09457,14.151738
7.7124476,-20.949936
70.930954,-5.122181
-25.028704,-14.413937
7.001351,-23.49641
-3.6422653,7.545315
-0.32598725,13.845463
-43.594063,13.787614
74.401764,3.7799513
-12.378539,25.9831
62.957253,-18.028387
-32.63341,-14.2085495
-19.300272,-22.70801
71.916016,-7.02304
49.77155,-19.2595
-0.3353146,-10.838384
-21.130598,-17.581211
-34.97565,-2.3498156
52.973442,-17.25997
15.114083,-18.739553
-38.427116,10.655578
-16.944637,-22.351267
66.948235,2.5631027
13.763712,-2.960777
71.77429,-0.8083844
15.122871,25.795067
-39.97938,18.018866
11.944133,24.791422
9.277642,4.3039203
-1.6239997,-26.118715
64.46572,-6.9251847
-25.150896,0.44465193
-47.59595,5.062312
-24.151485,9.916739
-35.809242,6.09502
72.659676,-4.205881
69.765915,-2.8810692
11.589301,-15.111677
-14.789919,-8.99406
1.1077236,-27.28398
-19.509909,9.353047
55.462807,-13.625521
-29.594086,-19.426815
-30.145731,9.566645
7.3826914,-23.836533
0.602093,15.192366
8.63605,24.811674
8.222125,-20.205044
-29.869795,-5.6052876
1.8797421,-5.1682787
-46.37764,9.851611
-22.38431,21.076075
-41.37242,-8.588374
-15.417615,-1.9562706
16.944935,-16.764513
-8.381886,27.376436
62.49482,9.132163
-4.1113605,26.538113
-22.540945,-13.105796
-2.8914747,-6.2145147
-31.496157,-3.443266
-16.74137,9.927023
-21.658684,-22.073017
64.03811,7.989697
-17.367386,-5.6759086
-21.208197,2.7549157
-9.795696,27.171026
-41.664673,10.682264
10.066629,-23.454165
-20.011593,-8.38859
-7.6751413,10.154905
-24.45292,-6.0307813
3.9418254,-23.135658
71.70333,1.7037525
64.91689,-1.6433579
-44.576912,2.9832442
49.763756,-6.299427
6.3202024,14.800312
54.674114,-5.560543
68.679634,2.3044033
12.346445,8.629536
-29.979313,-16.435978
6.504584,-2.9466581
72.532524,-4.040686
0.08525694,-28.0922
-28.956219,-16.280796
17.7093,10.23578
-13.633461,-21.256884
-41.27488,1.5787871
-35.43404,-13.050393
7.977256,13.148201
71.85617,-5.9000635
-7.5660787,17.967226
-27.309917,-3.2983284
-2.5495677,-24.347507
-12.819131,-12.177012
-29.156977,2.8739138
-23.46204,20.980583
9.989253,18.5786
-35.587894,-15.333069
6.307074,-7.056556
-19.262236,-19.60361
-8.18808,-18.666613
-36.992664,-20.098398
1.9133546,-23.907562
67.75603,-4.1208615
-22.641851,-19.393473
-21.036404,7.1630416
-25.57514,8.500688
-27.531149,16.260162
-20.784603,4.601999
-38.18472,4.4141703
-20.229063,-16.230879
71.73615,-1.6279776
-2.3535163,-24.754665
-18.83869,-21.411352
-27.312012,-11.781987
53.91759,-17.365978
-38.11939,20.423552
-18.352253,-24.698887
-2.8339357,-22.291014
12.531926,-12.019974
-31.2084,16.532833
-46.95616,-2.045386
-0.80216396,-25.000902
8.828242,-16.170784
0.106718056,-27.127626
-17.20312,3.9624014
-41.801094,-12.201505
51.873867,-11.20451
2.5213585,10.037076
10.876457,17.546824
14.684182,-14.345103
-24.28398,-1.364429
-27.7614,20.685444
-24.93384,-0.17621152
-35.194836,9.262402
52.660156,-18.99253
67.65018,-16.37111
-39.25294,-5.1044774
-20.029028,-10.75726
3.4150128,-22.800323
